<odoo>


    <data noupdate="0">
        <record id="module_category_lms" model="ir.module.category">
            <field name="name">Learning Center</field>
            <field name="sequence">1</field>
        </record>

    <record id="group_lms_admin" model="res.groups">
        <field name="name">Admin</field>
        <field name="category_id" ref="lms.module_category_lms"/>
        <field name="implied_ids" eval="[(4, ref('base.group_user'))]"/>
        <field name="comment"> 
            This group is used by LMS admin
        </field>
    </record>

    <record id="group_lms_administrator" model="res.groups">
        <field name="name">Administrator</field>
        <field name="category_id" ref="lms.module_category_lms"/>
        <field name="implied_ids" eval="[(4, ref('base.group_user'))]"/>
        <field name="comment"> 
            This group is used by LMS administrator
        </field>
    </record>


    </data>
</odoo>

