<odoo>
    <record id="group_day_monday" model="ir.selection">
        <field name="name">Monday</field>
        <field name="value">mon</field>
        <field name="field">day_selection</field>
    </record>
    <record id="group_day_tuesday" model="ir.selection">
        <field name="name">Tuesday</field>
        <field name="value">tue</field>
        <field name="field">day_selection</field>
    </record>
    <record id="group_day_wednesday" model="ir.selection">
        <field name="name">Wednesday</field>
        <field name="value">wed</field>
        <field name="field">day_selection</field>
    </record>
    <record id="group_day_thursday" model="ir.selection">
        <field name="name">Thursday</field>
        <field name="value">thu</field>
        <field name="field">day_selection</field>
    </record>
    <record id="group_day_friday" model="ir.selection">
        <field name="name">Friday</field>
        <field name="value">fri</field>
        <field name="field">day_selection</field>
    </record>
    <record id="group_day_saturday" model="ir.selection">
        <field name="name">Saturday</field>
        <field name="value">sat</field>
        <field name="field">day_selection</field>
    </record>
    <record id="group_day_sunday" model="ir.selection">
        <field name="name">Sunday</field>
        <field name="value">sun</field>
        <field name="field">day_selection</field>
    </record>
</odoo>
